nadzh@nadzh-VirtualBox:~$ #itog work 2 Linux
nadzh@nadzh-VirtualBox:~$ 
nadzh@nadzh-VirtualBox:~$ sudo apt update
[sudo] password for nadzh: 
Sorry, try again.
[sudo] password for nadzh: 
Hit:1 http://ru.archive.ubuntu.com/ubuntu xenial InRelease
Hit:2 http://ru.archive.ubuntu.com/ubuntu xenial-updates InRelease                                     
Hit:3 http://security.ubuntu.com/ubuntu xenial-security InRelease                                      
Hit:4 http://ru.archive.ubuntu.com/ubuntu xenial-backports InRelease     
Reading package lists... Done                      
Building dependency tree       
Reading state information... Done
4 packages can be upgraded. Run 'apt list --upgradable' to see them.
nadzh@nadzh-VirtualBox:~$ 
nadzh@nadzh-VirtualBox:~$ 
nadzh@nadzh-VirtualBox:~$ tree
.
├── Desktop
├── Documents
├── Downloads
├── examples.desktop
├── homework
│   └── task5
│       └── Dockerfile
├── Music
├── Pictures
├── Public
├── seminar_5
│   └── docker-compose.yml
├── Templates
└── Videos

11 directories, 3 files
nadzh@nadzh-VirtualBox:~$ cat > HomePets.txt
Dog: Kenny - Labrador
Cat: Lulu - Siam
Cat: Safari - Bengal
Dog: Sera - German Shepherd
Cat: Donny - Russian Grey
Hamster: Steave   
nadzh@nadzh-VirtualBox:~$ 
nadzh@nadzh-VirtualBox:~$ 
nadzh@nadzh-VirtualBox:~$ cat HomePets.txt 
Dog: Kenny - Labrador
Cat: Lulu - Siam
Cat: Safari - Bengal
Dog: Sera - German Shepherd
Cat: Donny - Russian Grey
Hamster: Steave 
nadzh@nadzh-VirtualBox:~$ cat > PackPets.txt
Horse: Sunny - Karabakh - Black/White
Horse: Eastern Wind - Arabian
Horse: Dobi - Kazakh
Camel: Kate- White 
Camel: Dora - White
Donkey: Donkey from Shrek - Grey
Donkey: Goat - Black/Grey
nadzh@nadzh-VirtualBox:~$ cat PackPets.txt 
Horse: Sunny - Karabakh - Black/White
Horse: Eastern Wind - Arabian
Horse: Dobi - Kazakh
Camel: Kate- White
Camel: Dora - White
Donkey: Donkey from Shrek - Grey
Donkey: Goat - Black/Grey
nadzh@nadzh-VirtualBox:~$ 
nadzh@nadzh-VirtualBox:~$ cat HomePets.txt >> PackPets.txt 
nadzh@nadzh-VirtualBox:~$ cat PackPets.txt 
Horse: Sunny - Karabakh - Black/White
Horse: Eastern Wind - Arabian
Horse: Dobi - Kazakh
Camel: Kate- White
Camel: Dora - White
Donkey: Donkey from Shrek - Grey
Donkey: Goat - Black/Grey
Dog: Kenny - Labrador
Cat: Lulu - Siam
Cat: Safari - Bengal
Dog: Sera - German Shepherd
Cat: Donny - Russian Grey
Hamster: Steave 
nadzh@nadzh-VirtualBox:~$ mv PackPets.txt PeopleFriends.txt
nadzh@nadzh-VirtualBox:~$ tree
.
├── Desktop
├── Documents
├── Downloads
├── examples.desktop
├── HomePets.txt
├── homework
│   └── task5
│       └── Dockerfile
├── Music
├── PeopleFriends.txt
├── Pictures
├── Public
├── seminar_5
│   └── docker-compose.yml
├── Templates
└── Videos

11 directories, 5 files
nadzh@nadzh-VirtualBox:~$ cat PeopleFriends.txt 
Horse: Sunny - Karabakh - Black/White
Horse: Eastern Wind - Arabian
Horse: Dobi - Kazakh
Camel: Kate- White
Camel: Dora - White
Donkey: Donkey from Shrek - Grey
Donkey: Goat - Black/Grey
Dog: Kenny - Labrador
Cat: Lulu - Siam
Cat: Safari - Bengal
Dog: Sera - German Shepherd
Cat: Donny - Russian Grey
Hamster: Steave 
nadzh@nadzh-VirtualBox:~$ mkdir ItogWork
nadzh@nadzh-VirtualBox:~$ mv PeopleFriends.txt ItogWork/
nadzh@nadzh-VirtualBox:~$ tree
.
├── Desktop
├── Documents
├── Downloads
├── examples.desktop
├── HomePets.txt
├── homework
│   └── task5
│       └── Dockerfile
├── ItogWork
│   └── PeopleFriends.txt
├── Music
├── Pictures
├── Public
├── seminar_5
│   └── docker-compose.yml
├── Templates
└── Videos

12 directories, 5 files
nadzh@nadzh-VirtualBox:~$ 
nadzh@nadzh-VirtualBox:~$ mysql --help
The program 'mysql' can be found in the following packages:
 * mysql-client-core-5.7
 * mariadb-client-core-10.0
Try: sudo apt install <selected package>
nadzh@nadzh-VirtualBox:~$ sudo apt-get install mysql-server
Reading package lists... Done
Building dependency tree       
Reading state information... Done
The following additional packages will be installed:
  libaio1 libhtml-template-perl mysql-client-5.7 mysql-client-core-5.7 mysql-common mysql-server-5.7 mysql-server-core-5.7
Suggested packages:
  libipc-sharedcache-perl mailx tinyca
The following NEW packages will be installed:
  libaio1 libhtml-template-perl mysql-client-5.7 mysql-client-core-5.7 mysql-common mysql-server mysql-server-5.7 mysql-server-core-5.7
0 upgraded, 8 newly installed, 0 to remove and 4 not upgraded.
Need to get 17,4 MB of archives.
After this operation, 156 MB of additional disk space will be used.
Do you want to continue? [Y/n] y
Get:1 http://ru.archive.ubuntu.com/ubuntu xenial-updates/main amd64 mysql-common all 5.7.33-0ubuntu0.16.04.1 [14,8 kB]
Get:2 http://ru.archive.ubuntu.com/ubuntu xenial/main amd64 libaio1 amd64 0.3.110-2 [6 356 B]
Get:3 http://ru.archive.ubuntu.com/ubuntu xenial-updates/main amd64 mysql-client-core-5.7 amd64 5.7.33-0ubuntu0.16.04.1 [6 254 kB]
Get:4 http://ru.archive.ubuntu.com/ubuntu xenial-updates/main amd64 mysql-client-5.7 amd64 5.7.33-0ubuntu0.16.04.1 [1 430 kB]
Get:5 http://ru.archive.ubuntu.com/ubuntu xenial-updates/main amd64 mysql-server-core-5.7 amd64 5.7.33-0ubuntu0.16.04.1 [7 215 kB]
Get:6 http://ru.archive.ubuntu.com/ubuntu xenial-updates/main amd64 mysql-server-5.7 amd64 5.7.33-0ubuntu0.16.04.1 [2 423 kB]             
Get:7 http://ru.archive.ubuntu.com/ubuntu xenial/main amd64 libhtml-template-perl all 2.95-2 [60,4 kB]                                    
Get:8 http://ru.archive.ubuntu.com/ubuntu xenial-updates/main amd64 mysql-server all 5.7.33-0ubuntu0.16.04.1 [10,8 kB]                    
Fetched 17,4 MB in 7s (2 254 kB/s)                                                                                                        
Preconfiguring packages ...
Selecting previously unselected package mysql-common.
(Reading database ... 214449 files and directories currently installed.)
Preparing to unpack .../mysql-common_5.7.33-0ubuntu0.16.04.1_all.deb ...
Unpacking mysql-common (5.7.33-0ubuntu0.16.04.1) ...
Selecting previously unselected package libaio1:amd64.
Preparing to unpack .../libaio1_0.3.110-2_amd64.deb ...
Unpacking libaio1:amd64 (0.3.110-2) ...
Selecting previously unselected package mysql-client-core-5.7.
Preparing to unpack .../mysql-client-core-5.7_5.7.33-0ubuntu0.16.04.1_amd64.deb ...
Unpacking mysql-client-core-5.7 (5.7.33-0ubuntu0.16.04.1) ...
Selecting previously unselected package mysql-client-5.7.
Preparing to unpack .../mysql-client-5.7_5.7.33-0ubuntu0.16.04.1_amd64.deb ...
Unpacking mysql-client-5.7 (5.7.33-0ubuntu0.16.04.1) ...
Selecting previously unselected package mysql-server-core-5.7.
Preparing to unpack .../mysql-server-core-5.7_5.7.33-0ubuntu0.16.04.1_amd64.deb ...
Unpacking mysql-server-core-5.7 (5.7.33-0ubuntu0.16.04.1) ...
Processing triggers for libc-bin (2.23-0ubuntu11.3) ...
Processing triggers for man-db (2.7.5-1) ...
Setting up mysql-common (5.7.33-0ubuntu0.16.04.1) ...
update-alternatives: using /etc/mysql/my.cnf.fallback to provide /etc/mysql/my.cnf (my.cnf) in auto mode
Selecting previously unselected package mysql-server-5.7.
(Reading database ... 214612 files and directories currently installed.)
Preparing to unpack .../mysql-server-5.7_5.7.33-0ubuntu0.16.04.1_amd64.deb ...
Unpacking mysql-server-5.7 (5.7.33-0ubuntu0.16.04.1) ...
Selecting previously unselected package libhtml-template-perl.
Preparing to unpack .../libhtml-template-perl_2.95-2_all.deb ...
Unpacking libhtml-template-perl (2.95-2) ...
Selecting previously unselected package mysql-server.
Preparing to unpack .../mysql-server_5.7.33-0ubuntu0.16.04.1_all.deb ...
Unpacking mysql-server (5.7.33-0ubuntu0.16.04.1) ...
Processing triggers for man-db (2.7.5-1) ...
Processing triggers for systemd (229-4ubuntu21.31) ...
Processing triggers for ureadahead (0.100.0-19.1) ...
Setting up libaio1:amd64 (0.3.110-2) ...
Setting up mysql-client-core-5.7 (5.7.33-0ubuntu0.16.04.1) ...
Setting up mysql-client-5.7 (5.7.33-0ubuntu0.16.04.1) ...
Setting up mysql-server-core-5.7 (5.7.33-0ubuntu0.16.04.1) ...
Setting up mysql-server-5.7 (5.7.33-0ubuntu0.16.04.1) ...
update-alternatives: using /etc/mysql/mysql.cnf to provide /etc/mysql/my.cnf (my.cnf) in auto mode
Renaming removed key_buffer and myisam-recover options (if present)
Setting up libhtml-template-perl (2.95-2) ...
Setting up mysql-server (5.7.33-0ubuntu0.16.04.1) ...
Processing triggers for libc-bin (2.23-0ubuntu11.3) ...
Processing triggers for systemd (229-4ubuntu21.31) ...
Processing triggers for ureadahead (0.100.0-19.1) ...
nadzh@nadzh-VirtualBox:~$ sudp apt-get install mysql-client
No command 'sudp' found, did you mean:
 Command 'sfdp' from package 'graphviz' (main)
 Command 'sup' from package 'sup' (universe)
 Command 'sudo' from package 'sudo' (main)
 Command 'sudo' from package 'sudo-ldap' (universe)
sudp: command not found
nadzh@nadzh-VirtualBox:~$ sudo apt-get install mysql-client
Reading package lists... Done
Building dependency tree       
Reading state information... Done
The following NEW packages will be installed:
  mysql-client
0 upgraded, 1 newly installed, 0 to remove and 4 not upgraded.
Need to get 10,0 kB of archives.
After this operation, 111 kB of additional disk space will be used.
Get:1 http://ru.archive.ubuntu.com/ubuntu xenial-updates/main amd64 mysql-client all 5.7.33-0ubuntu0.16.04.1 [10,0 kB]
Fetched 10,0 kB in 0s (32,6 kB/s)       
Selecting previously unselected package mysql-client.
(Reading database ... 214713 files and directories currently installed.)
Preparing to unpack .../mysql-client_5.7.33-0ubuntu0.16.04.1_all.deb ...
Unpacking mysql-client (5.7.33-0ubuntu0.16.04.1) ...
Setting up mysql-client (5.7.33-0ubuntu0.16.04.1) ...
nadzh@nadzh-VirtualBox:~$ systemctl status mysql
● mysql.service - MySQL Community Server
   Loaded: loaded (/lib/systemd/system/mysql.service; enabled; vendor preset: enabled)
   Active: active (running) since Вт 2024-04-02 22:36:59 MSK; 2min 11s ago
 Main PID: 19192 (mysqld)
   CGroup: /system.slice/mysql.service
           └─19192 /usr/sbin/mysqld

апр 02 22:36:58 nadzh-VirtualBox systemd[1]: Starting MySQL Community Server...
апр 02 22:36:59 nadzh-VirtualBox systemd[1]: Started MySQL Community Server.
nadzh@nadzh-VirtualBox:~$ sudo dpkg -i zip_3.0-11_amd64.deb 
Selecting previously unselected package zip.
(Reading database ... 214449 files and directories currently installed.)
Preparing to unpack zip_3.0-11_amd64.deb ...
Unpacking zip (3.0-11) ...
Setting up zip (3.0-11) ...
Processing triggers for man-db (2.7.5-1) ...
nadzh@nadzh-VirtualBox:~$ zip --help
Copyright (c) 1990-2008 Info-ZIP - Type 'zip "-L"' for software license.
Zip 3.0 (July 5th 2008). Usage:
zip [-options] [-b path] [-t mmddyyyy] [-n suffixes] [zipfile list] [-xi list]
  The default action is to add or replace zipfile entries from list, which
  can include the special name - to compress standard input.
  If zipfile and list are omitted, zip compresses stdin to stdout.
  -f   freshen: only changed files  -u   update: only changed or new files
  -d   delete entries in zipfile    -m   move into zipfile (delete OS files)
  -r   recurse into directories     -j   junk (don't record) directory names
  -0   store only                   -l   convert LF to CR LF (-ll CR LF to LF)
  -1   compress faster              -9   compress better
  -q   quiet operation              -v   verbose operation/print version info
  -c   add one-line comments        -z   add zipfile comment
  -@   read names from stdin        -o   make zipfile as old as latest entry
  -x   exclude the following names  -i   include only the following names
  -F   fix zipfile (-FF try harder) -D   do not add directory entries
  -A   adjust self-extracting exe   -J   junk zipfile prefix (unzipsfx)
  -T   test zipfile integrity       -X   eXclude eXtra file attributes
  -y   store symbolic links as the link instead of the referenced file
  -e   encrypt                      -n   don't compress these suffixes
  -h2  show more help
  
nadzh@nadzh-VirtualBox:~$ sudo dpkg --remove zip
(Reading database ... 214462 files and directories currently installed.)
Removing zip (3.0-11) ...
Processing triggers for man-db (2.7.5-1) ...
nadzh@nadzh-VirtualBox:~$ zip --help
The program 'zip' is currently not installed. You can install it by typing:
sudo apt install zip
nadzh@nadzh-VirtualBox:~$ systemctl status mysql
● mysql.service - MySQL Community Server
   Loaded: loaded (/lib/systemd/system/mysql.service; enabled; vendor preset: enabled)
   Active: active (running) since Сб 2024-04-06 14:49:43 MSK; 1h 37min ago
  Process: 1179 ExecStartPost=/usr/share/mysql/mysql-systemd-start post (code=exited, status=0/SUCCESS)
  Process: 1015 ExecStartPre=/usr/share/mysql/mysql-systemd-start pre (code=exited, status=0/SUCCESS)
 Main PID: 1178 (mysqld)
    Tasks: 28
   Memory: 123.8M
      CPU: 2.274s
   CGroup: /system.slice/mysql.service
           └─1178 /usr/sbin/mysqld

Warning: Journal has been rotated since unit was started. Log output is incomplete or unavailable.
nadzh@nadzh-VirtualBox:~$ sudo mysql -u root
ERROR 1045 (28000): Access denied for user 'root'@'localhost' (using password: NO)
nadzh@nadzh-VirtualBox:~$ sudo mysql -u root -p
Enter password: 
Welcome to the MySQL monitor.  Commands end with ; or \g.
Your MySQL connection id is 4
Server version: 5.7.33-0ubuntu0.16.04.1 (Ubuntu)

Copyright (c) 2000, 2021, Oracle and/or its affiliates.

Oracle is a registered trademark of Oracle Corporation and/or its
affiliates. Other names may be trademarks of their respective
owners.

Type 'help;' or '\h' for help. Type '\c' to clear the current input statement.

mysql> 
mysql> 
mysql> show databases
    -> ;
+--------------------+
| Database           |
+--------------------+
| information_schema |
| mysql              |
| performance_schema |
| sys                |
+--------------------+
4 rows in set (0.02 sec)

mysql> create database people_friends
    -> ;
Query OK, 1 row affected (0.01 sec)

mysql> show databases
    -> ;
+--------------------+
| Database           |
+--------------------+
| information_schema |
| mysql              |
| people_friends     |
| performance_schema |
| sys                |
+--------------------+
5 rows in set (0.00 sec)

mysql> use people_friends;
Database changed
mysql> create table dogs (id int, name varchar(100), breed varchar(100), years_in_month int);
Query OK, 0 rows affected (0.04 sec)
mysql> create table cats(id int, name varchar(100), breed varchar(100), years_in_month int);
Query OK, 0 rows affected (0.05 sec)

mysql> create table hamsters(id int, name varchar(100), breed varchar(100), years_in_month int);
Query OK, 0 rows affected (0.04 sec)

mysql> create table horses(id int, name varchar(100), breed varchar(100), years_in_month int);
Query OK, 0 rows affected (0.03 sec)

mysql> create table camels(id int, name varchar(100), breed varchar(100), years_in_month int);
Query OK, 0 rows affected (0.04 sec)

mysql> create table donkeys(id int, name varchar(100), breed varchar(100), years_in_month int);
Query OK, 0 rows affected (0.03 sec)

mysql> show tables;
+--------------------------+
| Tables_in_people_friends |
+--------------------------+
| camels                   |
| cats                     |
| dogs                     |
| donkeys                  |
| hamsters                 |
| horses                   |
+--------------------------+
6 rows in set (0.00 sec)
mysql> insert into camels values (1, 'Kate', 'arabian', 36), (2, 'Dora', 'dromedar', 24);
Query OK, 2 rows affected (0.01 sec)
Records: 2  Duplicates: 0  Warnings: 0

mysql> select * from camels;
+------+------+----------+----------------+
| id   | name | breed    | years_in_month |
+------+------+----------+----------------+
|    1 | Kate | arabian  |             36 |
|    2 | Dora | dromedar |             24 |
+------+------+----------+----------------+
2 rows in set (0.00 sec)
mysql> insert into cats values (1, 'Lulu', 'siam', 12), (2, 'Safari', 'bengal', 25), (3, 'Donny', 'russian grey', 49);
Query OK, 3 rows affected (0.01 sec)
Records: 3  Duplicates: 0  Warnings: 0
mysql> select * from cats;
+------+--------+--------------+----------------+
| id   | name   | breed        | years_in_month |
+------+--------+--------------+----------------+
|    1 | Lulu   | siam         |             12 |
|    2 | Safari | bengal       |             25 |
|    3 | Donny  | russian grey |             49 |
+------+--------+--------------+----------------+
3 rows in set (0.00 sec)
mysql> insert into dogs values (1, 'Sera', 'german shepherd', 19), (2, 'Kenny', 'labrador', 72);
Query OK, 2 rows affected (0.00 sec)
Records: 2  Duplicates: 0  Warnings: 0
mysql> select * from dogs;
+------+-------+-----------------+----------------+
| id   | name  | breed           | years_in_month |
+------+-------+-----------------+----------------+
|    1 | Sera  | german shepherd |             19 |
|    2 | Kenny | labrador        |             72 |
+------+-------+-----------------+----------------+
2 rows in set (0.00 sec)
mysql> insert into donkeys values (1, 'Donkey from Shrek', 'default', 52), (2, 'Goat', 'unknown', 5);
Query OK, 2 rows affected (0.00 sec)
Records: 2  Duplicates: 0  Warnings: 0
mysql> select * from donkeys;
+------+-------------------+---------+----------------+
| id   | name              | breed   | years_in_month |
+------+-------------------+---------+----------------+
|    1 | Donkey from Shrek | default |             52 |
|    2 | Goat              | unknown |              5 |
+------+-------------------+---------+----------------+
2 rows in set (0.00 sec)
mysql> insert into hamsters values (1, 'Steave', 'dzhungar', 21);
Query OK, 1 row affected (0.01 sec)
mysql> select * from hamsters;
+------+--------+----------+----------------+
| id   | name   | breed    | years_in_month |
+------+--------+----------+----------------+
|    1 | Steave | dzhungar |             21 |
+------+--------+----------+----------------+
1 row in set (0.00 sec)
mysql> insert into horses values (1, 'Sunny', 'karabakh', 38), (2, 'Eastern Wind', 'arabian', 20), (3, 'Dobi', 'kazakh', 40);
Query OK, 3 rows affected (0.01 sec)
Records: 3  Duplicates: 0  Warnings: 0
mysql> select * from horses;
+------+--------------+----------+----------------+
| id   | name         | breed    | years_in_month |
+------+--------------+----------+----------------+
|    1 | Sunny        | karabakh |             38 |
|    2 | Eastern Wind | arabian  |             20 |
|    3 | Dobi         | kazakh   |             40 |
+------+--------------+----------+----------------+
3 rows in set (0.00 sec)
mysql> drop table camels;
Query OK, 0 rows affected (0.03 sec)

mysql> show tables;
+--------------------------+
| Tables_in_people_friends |
+--------------------------+
| cats                     |
| dogs                     |
| donkeys                  |
| hamsters                 |
| horses                   |
+--------------------------+
5 rows in set (0.00 sec)
mysql> select id, name, breed, years_in_month
    -> from horses
    -> union select id, name, breed, years_in_month from donkeys;
+------+-------------------+----------+----------------+
| id   | name              | breed    | years_in_month |
+------+-------------------+----------+----------------+
|    1 | Sunny             | karabakh |             38 |
|    2 | Eastern Wind      | arabian  |             20 |
|    3 | Dobi              | kazakh   |             40 |
|    1 | Donkey from Shrek | default  |             52 |
|    2 | Goat              | unknown  |              5 |
+------+-------------------+----------+----------------+
5 rows in set (0.00 sec)
mysql> create table young_animals (id int, name varchar(100), breed varchar(100), years_in_month int);
Query OK, 0 rows affected (0.03 sec)

mysql> show tables;
+--------------------------+
| Tables_in_people_friends |
+--------------------------+
| cats                     |
| dogs                     |
| donkeys                  |
| hamsters                 |
| horses                   |
| young_animals            |
+--------------------------+
6 rows in set (0.00 sec)

mysql> insert into young_animals 
    -> select * from cats 
    -> where cats.years_in_month > 12 and cats.years_in_month < 36;
Query OK, 1 row affected (0.00 sec)
Records: 1  Duplicates: 0  Warnings: 0
mysql> insert into young_animals
    -> select * from dogs as d
    -> where d.years_in_month > 12 and d.years_in_month < 36;
Query OK, 1 row affected (0.01 sec)
Records: 1  Duplicates: 0  Warnings: 0
mysql> insert into young_animals
    -> select * from donkeys as d
    -> where d.years_in_month > 12 and d.years_in_month < 36;
Query OK, 0 rows affected (0.00 sec)
Records: 0  Duplicates: 0  Warnings: 0
mysql> insert into young_animals
    -> select * from hamsters as h
    -> where h.years_in_month > 12 and h.years_in_month < 36;
Query OK, 1 row affected (0.00 sec)
Records: 1  Duplicates: 0  Warnings: 0
mysql> insert into young_animals
    -> select * from horses as h
    -> where h.years_in_month > 12 and h.years_in_month < 36;
Query OK, 1 row affected (0.00 sec)
Records: 1  Duplicates: 0  Warnings: 0
mysql> select * from young_animals;
+------+--------------+-----------------+----------------+
| id   | name         | breed           | years_in_month |
+------+--------------+-----------------+----------------+
|    2 | Safari       | bengal          |             25 |
|    1 | Sera         | german shepherd |             19 |
|    1 | Steave       | dzhungar        |             21 |
|    2 | Eastern Wind | arabian         |             20 |
+------+--------------+-----------------+----------------+
4 rows in set (0.00 sec)
mysql> select * from (
    -> select id, name, breed, years_in_month from cats
    -> union
    -> select id, name, breed, years_in_month from dogs
    -> union
    -> select id, name, breed, years_in_month from donkeys
    -> union 
    -> select id, name, breed, years_in_month from hamsters
    -> union
    -> select id, name, breed, years_in_month from horses
    -> ) as animals;
+------+-------------------+-----------------+----------------+
| id   | name              | breed           | years_in_month |
+------+-------------------+-----------------+----------------+
|    1 | Lulu              | siam            |             12 |
|    2 | Safari            | bengal          |             25 |
|    3 | Donny             | russian grey    |             49 |
|    1 | Sera              | german shepherd |             19 |
|    2 | Kenny             | labrador        |             72 |
|    1 | Donkey from Shrek | default         |             52 |
|    2 | Goat              | unknown         |              5 |
|    1 | Steave            | dzhungar        |             21 |
|    1 | Sunny             | karabakh        |             38 |
|    2 | Eastern Wind      | arabian         |             20 |
|    3 | Dobi              | kazakh          |             40 |
+------+-------------------+-----------------+----------------+
11 rows in set (0.01 sec)


